{"0.5": {"time": 990.6804496916011, "status": "optimal", "objective": 0.0, "d_line": [0.0, 0.0, 0, 0.0, 0, 0, 0, 0, 0.0, 0, 0.0, 0.0, 0.0, 0.0, 0.0, 0.0, 0.0, 0.0, 0.0, 0.0], "d_gen": [0.0, 0.0, 0, 0.0, 0]}, "0.6": {"time": 1011.989183022175, "status": "optimal", "objective": 0.0, "d_line": [0.0, 0.0, 0, 0.0, 0, 0, 0, 0, 0.0, 0, 0, 0.0, 0, 0, 0, 0.0, 0.0, 0.0, 0.0, 0.0], "d_gen": [0.0, 0.0, 0, 0.0, 0]}, "0.7": {"time": 986.3717818846926, "status": "optimal", "objective": 0.0, "d_line": [0.0, 0.0, 0.0, 0.0, 0.0, 0.0, 0.0, 0, 0.0, 0, 0.0, 0.0, 0.0, 0.0, 0.0, 0.0, 0.0, 0.0, 0.0, 0.0], "d_gen": [0.0, 0.0, 0.0, 0.0, 0]}, "0.8": {"time": 1299.2141052628867, "status": "optimal", "objective": 12.686230147382275, "d_line": [0.0, 0.0, 0, 0.0, 0.0, 0.0, 0.0, 0, 0.0, 0, 0.0, 0.0, 0.0, 0.0, 0.0, 0.0, 0.0, 0.0, 0.0, 0.0], "d_gen": [0.0, 0.0, 0, 12.686230147382275, 0]}, "0.85": {"time": 1378.700870418921, "status": "optimal", "objective": 36.285547672693696, "d_line": [0.0, 0.0, 0.0, 0.0, 0.0, 0.0, 0.0, 0, 0.1816404854380096, 0.0, 0.0, 0.0, 0.0, 0.0, 0.0, 0.0, 0.0, 0.0, 0.0, 0.0], "d_gen": [0.0, 0.0, 0.0, 36.103907187255686, 0]}, "0.87": {"time": 1481.0318238283508, "status": "optimal", "objective": 48.46034239525642, "d_line": [0.0, 0.0, 0.0, 0.0, 0.0, 0.0, 0.0, 0, 0.0, 0, 0.0, 0.0, 0.0, 0.0, 0.0, 0.0, 0.0, 0.0, 0.0, 0.0], "d_gen": [0.0, 0.0, 0.0, 48.46034239525642, 0]}, "0.89": {"time": 1551.9121569967829, "status": "optimal", "objective": 64.77488926898042, "d_line": [0.0, 0.0, 0.0, 0.0, 0.0, 0.0, 0.0, 0.0, 0.9012851299822273, 0, 0.0, 0.0, 0.0, 0.0, 0.0, 0.0, 0.0, 0.0, 0.0, 0.0], "d_gen": [0.0, 0.0, 0.0, 63.87360413899819, 0]}, "0.9": {"time": 1791.9737541051582, "status": "optimal", "objective": 74.2654282380794, "d_line": [0.0, 0.0, 0.0, 0.0, 0.0, 0.0, 0.0, 0.0, 7.5613722229084175, 0.0, 0.0, 0.0, 0.8398442636053574, 0.0, 0.0, 1.9906076125674304, 0.0, 0.0, 0.0, 0.0], "d_gen": [0.0, 0.0, 0.0, 63.87360413899819, 0.0]}, "0.92": {"time": 1868.6042963759974, "status": "optimal", "objective": 100.13504557106438, "d_line": [0.0, 0.0, 0.0, 0.0, 0.0, 9.212111073449933, 0.0, 0.0, 0.0, 0.0, 0.12806611872512974, 0.0, 0.0, 0.0, 0.0, 0.0, 0.0, 1.9906076125674304, 9.781332137180826, 0.0], "d_gen": [0.0, 0.0, 0.0, 79.02292862914106, 0.0]}, "0.94": {"time": 1847.359516815748, "status": "optimal", "objective": 136.2215976189608, "d_line": [0.0, 0.0, 0.0, 0.0, 0.0, 0.0, 0.0, 0.0, 0.0, 0.0, 0.0, 0.0, 0.0, 0.0, 3.591373853422418, 0.0, 0.0, 1.9906076125674304, 21.289928677610874, 0.0], "d_gen": [0.0, 0.0, 0.0, 109.34968747536007, 0.0]}, "0.95": {"time": 1847.2565418812446, "status": "optimal", "objective": 154.29160769675826, "d_line": [0.0, 0.0, 0.0, 0.0, 0.0, 8.998178233855583, 0.0, 0.0, 0.0, 0.0, 0.0, 0.0, 0.0, 0.0, 0.0, 0.0, 0.0, 2.3689308373477047, 25.08111097409676, 0.0], "d_gen": [0.0, 1.5481350109748178, 0.0, 116.2952526404834, 0.0]}, "0.97": {"time": 1645.7654393296689, "status": "optimal", "objective": 204.36692553966336, "d_line": [0.0, 0.0, 0.0, 0.0, 0.0, 53.58879120122229, 0.0, 0.0, 0.0, 0.0, 0.0, 0.0, 0.19980844306346057, 0.0, 0.0, 13.910232503525528, 0.0, 0.0, 24.8813025310333, 0.0], "d_gen": [0.0, 0.0, 0.0, 111.78679086081877, 0.0]}, "0.98": {"time": 1443.8192646470852, "status": "optimal", "objective": 248.10862497226657, "d_line": [0.0, 0.0, 0.0, 0.0, 0.0, 41.99793381841164, 0.0, 0.0, 0.0, 0.0, 0.0, 0.0, 4.26903647034888, 0.0, 0.0, 11.19026249002173, 0.0, 2.719970013503797, 34.57323085311367, 0.0], "d_gen": [0.0, 12.692332074404248, 0.0, 140.6658592524626, 0.0]}, "0.99": {"time": 1060.1744969636202, "status": "optimal", "objective": 313.4246784252616, "d_line": [0.0, 0.0, 0.0, 0.0, 0.0, 78.09370004453893, 0.0, 0.0, 0.0, 0.0, 14.9669385757511, 0.0, 0.4274950018505592, 16.47971052058753, 0.0, 25.29237435400222, 0.0, 0.0, 38.41477232161199, 0.0], "d_gen": [0.0, 0.0, 0.0, 139.74968760691928, 0.0]}, "0.9999": {"time": 1079.0504924561828, "status": "optimal", "objective": 548.9406097656296, "d_line": [37.49544239929071, 0.0, 0.0, 0.0, 0.0, 100.0, 0.0, 0.0, 50.0, 0.0, 34.937223884138035, 0.0, 0.0, 31.410997544937956, 0.0, 27.485778886671667, 0.0, 4.240938875502039, 73.89033832789025, 0.0], "d_gen": [0.0, 0.0, 0.0, 189.47988984719893, 0.0]}}