{"0.5": {"time": 808.2880027974024, "status": "optimal", "objective": 0.0, "d_line": [0.0, 0.0, 0.0, 0.0, 0.0, 0.0, 0.0, 0, 0.0, 0.0, 0.0, 0.0, 0.0, 0.0, 0.0, 0.0, 0.0, 0.0, 0.0, 0.0], "d_gen": [0.0, 0.0, 0.0, 0.0, 0]}, "0.6": {"time": 810.5637782113627, "status": "optimal", "objective": 7.105427357601002e-15, "d_line": [0.0, 0.0, 0, 0.0, 0, 0, 0, 0, 0.0, 0, 0, 0.0, 0, 0, 0, 0.0, 0.0, 0.0, 0.0, 7.105427357601002e-15], "d_gen": [0.0, 0.0, 0, 0.0, 0]}, "0.7": {"time": 786.8227304210886, "status": "optimal", "objective": 0.0, "d_line": [0.0, 0.0, 0, 0.0, 0, 0, 0, 0, 0.0, 0, 0, 0.0, 0, 0, 0.0, 0.0, 0.0, 0.0, 0.0, 0], "d_gen": [0.0, 0.0, 0, 0.0, 0]}, "0.8": {"time": 968.4608334256336, "status": "optimal", "objective": 1.3903001886348392, "d_line": [0.0, 0.0, 0.0, 0.0, 0.0, 0.0, 0.0, 0, 0.0, 0, 0.0, 0.0, 0.0, 0.0, 0.0, 0.0, 0.0, 0.0, 0.033917476474755404, 0.0], "d_gen": [0.0, 0.0, 0.0, 1.3563827121600838, 0]}, "0.85": {"time": 1284.8524850886315, "status": "optimal", "objective": 29.43926706286149, "d_line": [0.0, 0.0, 0, 0.0, 0.0, 0.0, 0.0, 0, 0.0, 0, 0.0, 0.0, 0.033917476474755404, 0.0, 0.0, 0.0, 0.0, 0.0, 0.0, 0.0], "d_gen": [0.0, 0.0, 0, 29.405349586386734, 0]}, "0.87": {"time": 1068.3031453276053, "status": "optimal", "objective": 47.11138836416137, "d_line": [0.0, 0.0, 0.0, 0.0, 0.0, 0.0, 0.0, 0.0, 0.0, 0.0, 0.0, 0.0, 0.033917476474755404, 0.0, 0.0, 0.0, 0.0, 0.0, 0.0, 0.0], "d_gen": [0.0, 0.0, 0.0, 47.077470887686616, 0.0]}, "0.89": {"time": 1216.2822434036061, "status": "optimal", "objective": 61.964447478713, "d_line": [0.0, 0.0, 0.0, 0.0, 0.0, 1.5128330190697739, 0.0, 0.0, 0.0, 0.0, 0.0, 0.0, 0.0, 0.0, 0.0, 0.0, 0.0, 0.0, 0.033917476474755404, 0.0], "d_gen": [0.0, 0.0, 0.0, 60.41769698316847, 0.0]}, "0.9": {"time": 3215.6860179826617, "status": "optimal", "objective": 71.79567074917526, "d_line": [0.0, 0.0, 0.0, 0.0, 0.0, 0.0, 0.0, 0.0, 0.0, 0.0, 0.0, 0.0, 0.033917476474755404, 0.0, 0.0, 0.0, 0.0, 0.0, 0.0, 0.0], "d_gen": [0.0, 0.0, 0.0, 71.7617532727005, 0.0]}, "0.92": {"time": 3573.6667427243665, "status": "optimal", "objective": 95.18345165508637, "d_line": [0.0, 0.0, 0.0, 0.0, 0.0, 0.47591258083946286, 0.0, 0.0, 0.0, 0.0, 0.0, 0.0, 0.0, 1.2888044468457878, 1.2888044468457913, 4.159459990048063, 0.0, 6.1566627357449235, 1.9152935278998484, 0.0], "d_gen": [0.0, 0.0, 0.0, 79.8985139268625, 0.0]}, "0.94": {"time": 1924.807358845137, "status": "optimal", "objective": 143.71671858600254, "d_line": [0.0, 0.0, 0.0, 0.0, 0.0, 5.617138670718788, 0.0, 0.0, 0.0, 0.0, 2.241049857631559, 0.0, 0.0, 0.474670070164386, 0.474670070164386, 4.973594366729465, 0.0, 11.02216220020334, 19.045013177728023, 0.0], "d_gen": [0.0, 0.0, 0.0, 99.86842017266258, 0.0]}, "0.95": {"time": 1570.0154062481597, "status": "optimal", "objective": 164.4174459823434, "d_line": [0.0, 0.0, 0.0, 0.0, 0.0, 21.074561566049653, 0.0, 0.0, 0.0, 0.0, 2.241049857631559, 0.0, 0.0, 0.474670070164386, 0.474670070164386, 6.228354971622878, 0.0, 9.767401595309927, 19.045013177728023, 0.0], "d_gen": [0.0, 0.0, 0.0, 105.11172467367257, 0.0]}, "0.97": {"time": 1244.899268324487, "status": "optimal", "objective": 220.02528557340986, "d_line": [0.0, 0.0, 0.0, 0.0, 0.0, 41.4498779435617, 0.0, 0.0, 0.0, 0.0, 22.0686075141095, 0.0, 0.0, 0.0, 0.0, 11.753215372270105, 0.0, 9.227798728432703, 19.045013177728023, 0.0], "d_gen": [0.0, 0.0, 0.0, 116.48077283730782, 0.0]}, "0.98": {"time": 1259.366210538894, "status": "optimal", "objective": 267.03482574321635, "d_line": [0.0, 0.0, 0.0, 0.0, 0.0, 79.93274999845676, 0.0, 0.0, 9.211497808145339, 0.0, 22.0686075141095, 0.0, 0.0, 0.1783343250974383, 0.0, 11.574881047172667, 0.0, 9.227798728432703, 19.045013177728023, 0.0], "d_gen": [0.0, 0.0, 0.0, 115.79594314407393, 0.0]}, "0.99": {"time": 9831.592324631289, "status": "optimal", "objective": 328.2815689608659, "d_line": [16.27941817434703, 0.0, 0.0, 0.0, 0.0, 47.274796559052646, 0.0, 0.0, 9.95826794792984, 0.0, 37.94698198163219, 0.0, 0.0, 3.904784314790902, 0.0, 14.12258775928936, 0.0, 14.37948266244473, 41.67753751004784, 0.0], "d_gen": [0.0, 0.0, 0.0, 142.73771205133136, 0.0]}, "0.9999": {"time": 822.3788389516994, "status": "optimal", "objective": 557.9388817956365, "d_line": [61.748613697467135, 0.0, 0.0, 0.0, 0.0, 100.0, 0.0, 0.0, 37.1029257317723, 0.0, 45.68143007280213, 0.0, 30.7448531239977, 12.427784647596887, 0.0, 22.180242167534153, 0.0, 14.37948266244473, 55.54975687477133, 0.0], "d_gen": [0.0, 0.0, 0.0, 178.12379281725015, 0.0]}}